v_bin,n_records,power_mean,power_std,power_p25,power_p75,Cp,year
1.25,131,-1.7538167984431026,1.6179723498626664,-2.230000019073485,-1.0049999952316264,,2016
1.75,365,-1.595917809009552,1.2485054987152358,-1.8400000333786,-1.0,,2016
2.25,727,-1.7078541959988203,1.0408904677557091,-2.009999990463255,-1.25499999523163,,2016
2.75,1107,-1.8823938557126012,1.1131341306358564,-2.09999990463257,-1.47000002861023,,2016
3.25,1123,-2.0604808552394673,2.41639443304377,-2.57999992370605,-1.5,,2016
3.75,1011,1.8880415433901705,8.093359727392667,-2.5349999666214,5.0,0.011068634931744398,2016
4.25,1624,31.52416869437579,20.82340690243533,16.392499923706072,45.657501220703125,0.12695598330551028,2016
4.75,1822,72.9121899101004,35.79656346323679,56.400000572204576,96.627498626709,0.21032729399767042,2016
5.25,1845,129.6956910617953,52.18030040862324,114.699996948242,163.029998779297,0.2770919814003943,2016
5.75,2014,191.3894437882077,74.34802470759139,179.1124954223635,235.06000518798876,0.3112366750312556,2016
6.25,2052,273.4349853987525,90.8436481151089,257.6250000000005,323.74250793457026,0.3462504524717251,2016
6.75,2041,373.15567861217784,107.02630286173294,357.929992675781,428.600006103516,0.37510690379082456,2016
7.25,1758,484.41471008181713,128.53168646119354,464.0200119018555,549.5824890136718,0.39298830278538005,2016
7.75,1520,614.2340589041381,147.15431422855517,589.4099884033203,685.6125030517578,0.4079482809975569,2016
8.25,1311,748.4692296457146,165.78464247912973,725.5150146484375,825.644989013672,0.4120865367241357,2016
8.75,1116,884.8036658665081,205.41431752857562,868.1175231933597,974.6199951171877,0.40831851672411396,2016
9.25,957,1031.0872635628373,230.4939215402088,1018.29998779297,1127.82995605469,0.4027601972781345,2016
9.75,882,1167.2763029253817,271.69699120640206,1163.9100036621076,1274.9599914550774,0.38934638136364247,2016
10.25,794,1314.473324340373,279.8255087955273,1308.872528076175,1425.7824707031275,0.3773605547631703,2016
10.75,650,1438.6621834754953,326.3133342511361,1448.1349487304674,1572.562469482425,0.35802203437528185,2016
11.25,546,1554.4702739685022,360.17011021470836,1571.88247680664,1700.5650024414076,0.3375212921135507,2016
11.75,443,1630.1895015810207,434.62457629359164,1676.1849975585951,1812.11999511719,0.3106710698273266,2016
12.25,371,1660.2963885746888,522.4872419515626,1730.81500244141,1890.659973144535,0.2792246003225007,2016
12.75,307,1669.515893814231,607.2186060922564,1764.53503417969,1963.41998291016,0.24902120161770588,2016
13.25,244,1784.1207807200867,500.0650886349585,1827.00244140625,2005.709960937505,0.23711167460466762,2016
13.75,220,1769.083229645817,548.4984995045678,1819.25250244141,2019.6374816894524,0.21038583300390218,2016
14.25,186,1583.546717092556,734.4400454775534,1627.1274719238274,2027.899993896485,0.16918529308546476,2016
14.75,161,1608.6713003682808,754.2702067539434,1678.89001464844,2034.01000976563,0.15497711562431304,2016
15.25,143,1614.4990911033615,749.4714695344555,1685.114990234375,2045.6849975585951,0.1407358027468884,2016
15.75,143,1710.6015335096358,671.7355746244351,1749.91998291016,2048.35498046875,0.13535786744946166,2016
16.25,122,1659.2433599360668,749.6256733049205,1657.8500061035174,2048.782531738285,0.11954359530534917,2016
16.75,98,1749.6694911389952,668.3533830713243,1984.86245727539,2049.4199829101576,0.11510333467981161,2016
17.25,104,1693.172687191231,758.0215902503853,2026.21002197266,2050.6824340820326,0.10197888912214804,2016
17.75,85,1362.9954086612265,964.6636808327852,-2.36999988555908,2050.61010742188,0.07534867879227038,2016
18.25,109,1365.6978876689175,966.5975149107562,-2.35999989509583,2053.5,0.06946121124356257,2016
18.75,73,1199.2571230065344,996.6742837702413,-2.39000010490417,2050.48999023438,0.05624511528498827,2016
19.25,70,1228.0081407666219,1012.2822551346342,-2.4650000333786024,2055.8551025390625,0.05322128610304962,2016
19.75,70,1003.9317161764428,1020.6572119795062,-2.53999996185303,2051.30004882813,0.04028832349494302,2016
20.25,42,1069.6757197720676,1017.6646878923669,-2.4200000166893023,2052.845031738285,0.03982477915921731,2016
20.75,46,950.5015246194348,1011.6634651670618,-2.40000009536743,2055.6275634765625,0.03289083018643996,2016
21.25,30,953.1493242263804,1039.9630904553337,-2.7974999547004678,2056.3875122070326,0.030708631429378623,2016
21.75,23,876.859993748044,974.0831181767479,-2.69500005245209,2043.3099975585951,0.02634685571188166,2016
22.25,9,681.5288796954687,1026.4302580603392,-3.09999990463257,2046.2099609375,0.019128042964939643,2016
22.75,14,1537.8756756612252,861.545755288803,934.2274627685545,2058.1024169921925,0.04037879418727339,2016
23.25,7,1468.105697529658,1004.9245020947017,1024.3799804449081,2058.864990234375,0.036113100230907594,2016
23.75,4,1647.0399932861365,819.9096668549188,1642.8175811767615,2059.732421875005,0.03800927831913338,2016
1.25,128,-1.4378125048242507,0.471352466961594,-1.582500040531155,-1.1175000071525552,,2017
1.75,420,-1.5464999968097324,0.5280977531967291,-1.75,-1.20000004768372,,2017
2.25,891,-1.7585297412543184,0.6797385243454757,-1.89999997615814,-1.37999999523163,,2017
2.75,1408,-1.977230113867501,1.0025075142938409,-2.16000008583069,-1.51999998092651,,2017
3.25,1549,-2.272143319695274,2.0792194580911376,-2.77999997138977,-1.5900000333786,,2017
3.75,1410,3.332780135091368,8.840700686687972,-2.50999999046326,8.469999551773073,0.019538408332296326,2017
4.25,2411,33.76763581487337,19.985683793607016,19.715000152587898,46.95999908447265,0.13599100583243792,2017
4.75,2854,81.14306239066379,28.455624751819624,64.44000053405762,100.29750251770025,0.23407060959704148,2017
5.25,2950,141.8497322347003,34.43983618384708,122.69250106811549,164.97749710083002,0.3030588221107583,2017
5.75,3121,211.45735346125093,41.078466064653085,189.990005493164,237.729995727539,0.343871021826146,2017
6.25,3329,295.4248061457817,47.335533039406386,268.790008544922,324.380004882813,0.37409614080720804,2017
6.75,3144,395.1145483728774,61.90818485268935,365.14499664306624,432.5324935913087,0.3971805961363794,2017
7.25,3047,506.73194666189727,79.42015656211763,473.279998779297,549.924987792969,0.4110934774300233,2017
7.75,2914,636.3767782796224,83.63152381162736,597.1024780273442,684.1150054931645,0.4226545386120502,2017
8.25,2724,776.4546292608226,99.75456519826979,734.7099761962891,830.3250122070315,0.42749452672485977,2017
8.75,2497,923.152454821549,110.68407177610315,877.159973144531,983.049987792969,0.4260156864221549,2017
9.25,2235,1067.3291412252186,147.41032005962805,1029.0,1133.9299926757799,0.4169168902301866,2017
9.75,1903,1213.6220139321451,163.71077450665615,1176.444946289065,1281.319946289065,0.4048050476853916,2017
10.25,1775,1367.8371110846301,157.23075203534967,1326.839965820315,1437.25,0.3926802937013352,2017
10.75,1556,1515.8704051705602,154.232695138389,1475.6675415039049,1581.530029296875,0.3772358879951686,2017
11.25,1336,1645.3807101819875,173.27664916280085,1609.4525146484375,1712.0175170898474,0.35726062609196546,2017
11.75,1242,1768.3582045380251,152.8388999319359,1723.3649597168,1831.69747924805,0.33700237592559085,2017
12.25,1061,1851.4403022306365,185.70136425601112,1820.83996582031,1922.14001464844,0.31137071788436493,2017
12.75,898,1915.9913356073198,183.28762916393651,1887.83502197266,1980.72500610352,0.28578491911927734,2017
13.25,756,1951.9141260670933,221.20186967540434,1943.54995727539,2017.0025024414076,0.259411600446398,2017
13.75,689,1979.7592740486266,214.1203811552291,1979.91003417969,2033.33996582031,0.2354401969551822,2017
14.25,596,1993.6356701986913,222.9328304925784,2004.77746582031,2043.7100524902376,0.21299897977590782,2017
14.75,511,2009.7027630232099,178.25772127149213,2012.3300170898451,2047.15002441406,0.19361191898198582,2017
15.25,476,2019.7880690628754,141.21575151731554,2023.48751831055,2047.5874633789076,0.17606482211389063,2017
15.75,388,2020.4833057897622,180.0047327116295,2031.4075317382799,2048.5725708007826,0.15987844400432966,2017
16.25,335,2033.8023270756464,112.6670063849683,2035.9599609375,2049.1448974609402,0.14652946529096045,2017
16.75,276,2042.7435223123318,12.39323873979202,2038.66748046875,2049.63006591797,0.13438343213075715,2017
17.25,212,2043.4650976792839,13.167475977469772,2041.4299621582074,2049.38989257813,0.12307681443108409,2017
17.75,192,2035.1131260680675,148.19440229894317,2042.7449951171925,2049.719970703125,0.11250447673382412,2017
18.25,146,2031.064028854241,170.3388624787112,2043.58996582031,2049.957458496095,0.10330261826665972,2017
18.75,124,2045.7604783581164,9.218648345779735,2043.7675170898451,2050.13739013672,0.09594609174574656,2017
19.25,112,2046.767320905414,7.789836792551277,2043.8374938964826,2050.3250122070326,0.08870591778347293,2017
19.75,100,2004.826806104185,288.53064837418907,2044.1049804687475,2049.4251098632826,0.08045478553390292,2017
20.25,67,2032.341930787956,130.83109321359453,2045.48004150391,2049.7850341796902,0.0756655190667451,2017
20.75,71,2033.2332471390869,87.02241214298994,2045.06500244141,2049.949951171875,0.07035730898785371,2017
21.25,61,2013.283280130294,262.8055517576344,2045.60998535156,2050.02001953125,0.064864101186487,2017
21.75,40,1845.759745907785,584.7686455911828,2043.4850463867174,2051.175048828125,0.055459213615583244,2017
22.25,28,1909.4828496405082,458.9630458914161,2046.1149902343725,2056.00494384766,0.053592255701709286,2017
22.75,20,1782.6934849858299,667.4318833933852,2042.6100158691424,2050.239990234375,0.04680678319350239,2017
23.25,21,1890.5495372953897,372.212253972382,2047.06005859375,2055.59008789063,0.04650455689037005,2017
23.75,6,2047.9016520182302,3.504673699771725,2046.907470703125,2050.142517089845,0.04726009336693205,2017
24.25,12,1195.6500057180735,1058.3214649812542,-2.9749999046325675,2050.4425048828175,0.02592060668956775,2017
24.75,4,1505.3675079345721,666.8078325243066,1114.9799957275372,2041.957519531255,0.03069681020007341,2017
1.25,213,-1.349560173744327,0.48049462770244533,-1.4283573627471924,-1.0406806468963623,,2018
1.75,632,-1.3926763571327245,0.6126667331376197,-1.4718376398086548,-1.0463192462921143,,2018
2.25,956,-1.598317698517105,0.6064418324419445,-1.7224937081336975,-1.2250938713550565,,2018
2.75,1517,-1.8464301211235157,1.5357935882633442,-1.971104621887207,-1.49842369556427,,2018
3.25,1479,-2.2213405553374925,2.1929838922454987,-2.601723074913025,-1.5857399106025696,,2018
3.75,1473,6.315165116895766,11.369981026770525,-2.06002140045166,12.9399995803833,0.03702262667753229,2018
4.25,2094,43.385463323200064,21.54413003418371,27.3024263381958,58.279592514038086,0.17472448554510822,2018
4.75,2269,92.15139325634925,27.740399552653493,73.971435546875,110.839996337891,0.2658259641579928,2018
5.25,2171,154.56671164366355,31.675309481545582,133.3778076171875,176.78115081787115,0.3302283679376794,2018
5.75,2247,224.3498815240253,35.151330940934095,200.74027252197263,248.53772735595703,0.36483679448101325,2018
6.25,2412,307.5320312854267,43.829604300727176,277.28345489501953,337.54052734375,0.3894275080668354,2018
6.75,2193,410.7568972440164,51.40367768494462,375.9378967285156,445.8343505859375,0.41290473860391785,2018
7.25,2119,525.8392544251784,57.1735262584512,486.5626983642578,564.9521484375002,0.42659455180371747,2018
7.75,1918,651.1543382996688,68.92623087995175,604.7089080810547,696.0028686523438,0.4324691689148237,2018
8.25,1048,764.8980992440959,67.82768962118894,718.0481262207034,811.6000671386719,0.42113181969227326,2018
8.75,326,959.6727806044506,108.092525557039,911.2526092529297,1022.75,0.4428690583386831,2018
9.25,478,1109.3603151712464,88.53250384659847,1053.5225830078118,1166.4064636230469,0.43333498063684994,2018
9.75,622,1255.6952027937227,80.49048726761471,1203.0540161132812,1313.70947265625,0.4188386092291587,2018
10.25,724,1397.6958756420497,86.3482103881391,1340.846435546875,1451.4053039550781,0.40125218310318755,2018
10.75,788,1537.658532002251,92.31271422763601,1477.8549499511726,1601.624359130863,0.3826580291921131,2018
11.25,729,1670.3638578638618,116.78878566609968,1608.09619140625,1742.66003417969,0.36268520347235006,2018
11.75,639,1782.5900506391215,100.16094375177028,1716.6089477539062,1852.4332275390625,0.3397145899654662,2018
12.25,583,1861.4511002660001,96.82748536306205,1795.88720703125,1936.0684204101549,0.31305430950063856,2018
12.75,535,1907.4851188670812,145.36448045048368,1857.197021484375,1981.635009765625,0.28451615113586176,2018
13.25,463,1950.7499500381768,86.69613678135872,1909.9602661132812,2013.1344604492188,0.25925688013220516,2018
13.75,396,1978.3267628062858,61.15801036844988,1938.5377197265625,2028.2350769042969,0.23526983749105024,2018
14.25,407,1995.5404706575364,56.66289788111264,1970.3073120117188,2039.4284667968764,0.21320248764872302,2018
14.75,344,1999.2413475568908,81.07110429074086,1982.1009826660156,2040.935333251953,0.19260408102655854,2018
15.25,290,2013.1803988752697,43.60206167057299,1996.6388854980469,2042.7714233398438,0.1754888318434323,2018
15.75,259,2020.0456033949688,37.908595971944244,2009.6952514648438,2043.9586181640625,0.159843809133744,2018
16.25,230,2023.6995440939202,36.755553878802964,2016.1993103027341,2045.5359497070312,0.14580158954386582,2018
16.75,210,2028.4850667317712,36.949053123202034,2024.6590881347656,2046.746398925781,0.13344542881469193,2018
17.25,192,2026.0114409128828,48.67380137596687,2028.7350463867224,2047.6460876464844,0.12202558998031085,2018
17.75,201,2025.0179236872284,99.3755127792955,2027.912841796875,2048.36010742188,0.11194639696576096,2018
18.25,145,2029.9683972588905,48.3454563386287,2031.759521484375,2048.721923828125,0.10324689298629067,2018
18.75,125,2035.6061513671875,38.06570039023173,2034.668701171875,2049.316650390625,0.09546985418059918,2018
19.25,139,2023.2002927931096,65.08260686037661,2035.8026733398451,2049.80615234375,0.08768453404494124,2018
19.75,117,2031.936205220019,57.37877638086331,2039.2802734375,2052.171142578125,0.08154270040274675,2018
20.25,98,2027.0564699756862,61.87100151900724,2036.6525268554688,2049.9832153320312,0.07546873764438262,2018
20.75,75,2027.4070686848963,65.66835895977319,2037.9248657226562,2053.06201171875,0.07015570189811295,2018
21.25,58,2024.259083714979,67.36081543112671,2039.188751220703,2050.0336303710938,0.06521772039216278,2018
21.75,46,2048.0141707710604,10.261760250422386,2044.9051818847656,2055.4284057617188,0.061536316216860655,2018
22.25,23,2047.2910315472147,14.075523131811723,2044.0939331054688,2055.1585693359375,0.05746003137925587,2018
22.75,24,2050.012883504232,17.815784251630824,2045.2344970703125,2059.4363403320312,0.05382557876057531,2018
23.25,14,2044.603036063058,9.045702550595463,2040.8993835449219,2051.6370849609375,0.050294031620479816,2018
23.75,13,2056.2804048978364,6.3920485136908525,2052.45068359375,2057.679443359375,0.04745345257585617,2018
24.25,6,2054.5628051757812,7.630644410022209,2049.8575439453125,2060.6712646484375,0.04454105644401572,2018
1.25,244,-1.4343988218330348,0.6162338463559834,-1.56048753062884,-1.0255352184176425,,2019
1.75,732,-1.4834261492822978,0.6352411853538475,-1.628146277711945,-1.07329377519048,,2019
2.25,1178,-1.7390623069215718,0.8297680869849076,-1.9029945343732848,-1.2645728672544125,,2019
2.75,1830,-2.004939974880984,1.1165500321177684,-2.2162479390700627,-1.4717487086852425,,2019
3.25,2089,-2.3582063915538902,2.201901532399027,-2.91433268388112,-1.58556204636892,,2019
3.75,2115,6.375454910353462,11.35616161436565,-2.071758379538855,12.95075126869815,0.037376075316535896,2019
4.25,2960,41.96603732508637,22.70368639714886,26.24726978366575,57.783691411154976,0.16900808981499402,2019
4.75,2992,93.36987630410437,27.963182899854832,75.39262127876282,112.413401699066,0.2693408804227814,2019
5.25,2900,153.41230811024255,32.13637198387707,132.08230266571024,174.31949996948242,0.3277620102677177,2019
5.75,3174,225.46703411188778,36.46485534528235,200.98791205088324,249.38763612111407,0.3666535031252666,2019
6.25,3251,309.9693750035787,44.40903238468188,279.04302927653,341.8840637207031,0.3925139140145182,2019
6.75,3102,408.4723392824598,51.265001869604696,372.951605987549,442.15334012261724,0.41060823472468627,2019
7.25,2771,523.5207022206959,59.0025400974855,483.185963439941,563.0189442952476,0.4247135934496555,2019
7.75,2411,649.0356072554671,66.28542312589417,604.2964782714843,694.8517282420194,0.4310619973735381,2019
8.25,1138,757.3237981758987,68.08490957212885,709.8455810546875,800.8799181620283,0.41696161820412825,2019
8.75,188,975.6318283093959,83.40940138430783,912.8824938456223,1026.8843844378398,0.4502338274265587,2019
9.25,336,1111.1799341202343,83.16799866165005,1055.04332135518,1163.5838582356773,0.4340457547029877,2019
9.75,695,1255.0435824874712,89.74711366213197,1192.33082275391,1315.7810469002561,0.41862126051092785,2019
10.25,889,1388.9499176692768,91.6303680330692,1329.48467203776,1450.58959750472,0.39874138315660274,2019
10.75,1033,1529.67723082418,92.2998755456914,1466.42560866783,1591.77118530274,0.38067182164627233,2019
11.25,1038,1651.4889395287594,95.60958709975714,1595.393706486147,1713.4855600992826,0.35858690263528264,2019
11.75,937,1751.5237455583654,101.5633350739657,1683.03740641276,1822.83991699219,0.33379417259947264,2019
12.25,902,1842.9730855050352,91.48909436999483,1784.947297159835,1909.035744222005,0.30994672201090545,2019
12.75,771,1903.442953750421,80.10771160183721,1850.55236206055,1964.39881591797,0.2839132309610869,2019
13.25,639,1944.9488063068522,74.98828476470511,1897.309474690755,2003.38392537435,0.25848590155294016,2019
13.75,571,1977.6696959287945,57.30219001647167,1947.11819458008,2021.9169128418,0.2351916967003606,2019
14.25,474,1995.9852708446026,47.35739820324027,1974.905674235025,2030.2266918475875,0.2132500098652772,2019
14.75,432,2008.498810591322,42.4527465775907,1989.1576995849607,2038.29352482387,0.19349593190917602,2019
15.25,379,2016.8857049132152,33.249463500919866,2001.9738179524752,2039.7078206380238,0.175811823180217,2019
15.75,346,2021.1072433037034,32.30890656913335,2011.1067331949926,2041.058074951175,0.15992781543867854,2019
16.25,276,2028.177717549265,26.715254086494213,2016.9101806640651,2045.4241729736343,0.14612422874687794,2019
16.75,266,2031.306754450056,24.14447724425922,2023.659232584635,2047.2822733561225,0.13363105568161995,2019
17.25,235,2035.049584294232,20.601601634547176,2026.7367248535152,2048.028061930345,0.12256995254222158,2019
17.75,191,2037.913853611404,18.010301277035367,2030.8785095214898,2049.787123616535,0.11265930566333227,2019
18.25,153,2039.4028851074354,14.660324514385968,2033.58352976832,2049.66564534505,0.10372674358819879,2019
18.75,151,2041.579323770412,13.078915920496966,2034.2826334635452,2050.4606909179747,0.09574999574823417,2019
19.25,126,2042.1397378488446,12.36175835260279,2037.1749135335276,2050.0138868543877,0.08850536054476803,2019
19.75,117,2043.0699148595345,12.87721977381993,2035.53377685547,2051.35836588542,0.08198950220054624,2019
20.25,76,2044.812347679156,10.250459496362328,2039.1874206543,2051.9363708496076,0.07612980145582393,2019
20.75,57,2047.004025032467,13.893444464111951,2041.45030924479,2056.00260823568,0.0708338282837146,2019
21.25,53,2045.1067583444606,12.587299991067773,2037.48757324219,2054.15576171875,0.06588939222792259,2019
21.75,48,2049.9563862317777,9.127291606988122,2044.1290161132824,2055.6398925781277,0.06159467361812169,2019
22.25,28,2045.9673475393936,13.2395514381066,2041.57532348633,2053.6403898041876,0.05742288037167873,2019
22.75,34,2047.4399743912868,14.311952320165519,2041.6937561035156,2057.240380859375,0.053758023906058536,2019
23.25,24,2048.317811693883,12.781279454230317,2041.8440032958988,2059.4719644480774,0.05038540928144595,2019
23.75,23,2046.7119470538182,15.427669037662207,2041.623464930745,2056.2775716145825,0.047232638158015254,2019
24.25,6,2059.1082283141136,4.371424710440402,2056.789075724284,2059.3348138718425,0.04463959709123097,2019
24.75,3,2057.920982530382,9.903836023741295,2052.4837687174477,2062.1722412109375,0.0419642442622917,2019
1.25,189,-1.4340489671988605,0.5289555005764779,-1.5751127826756437,-1.0986543635527295,,2020
1.75,634,-1.3538742015750436,0.4522736267652073,-1.5075757705384776,-1.0582506364583968,,2020
2.25,1072,-1.6044952773372123,0.6492428505282224,-1.764062232417721,-1.2192192314171242,,2020
2.75,1606,-1.8347681293964806,0.9511382277223902,-1.9582117825746534,-1.4483636299769092,,2020
3.25,1758,-2.1492670903156563,2.7869696987963177,-2.571114376187325,-1.5295813291751112,,2020
3.75,1908,6.569060378140259,11.440507788595964,-2.0348456860616295,13.419589814826333,0.03851108648788637,2020
4.25,2529,41.63464129773436,21.48517165470574,26.59311676422755,56.640298702319456,0.1676734722736433,2020
4.75,2753,90.64587777907069,27.93109960304719,71.39030330181124,108.9453222656251,0.26148305528640303,2020
5.25,2692,151.9597004955695,33.06186788984208,130.66439315971292,174.21156714866902,0.3246585461599142,2020
5.75,2729,221.5322283713858,36.88468484005325,196.63721771240245,246.80677490234385,0.36025473926803453,2020
6.25,2808,304.59263331145223,45.82929159536099,273.2356217066448,336.3777156829835,0.385705351309905,2020
6.75,2612,407.02558101931726,54.55891321744993,373.10476822257044,441.8553473154705,0.40915391138532414,2020
7.25,2503,520.795771617634,65.19546552504451,482.93347445082395,562.8119752204282,0.4225029548571067,2020
7.75,2347,642.666865228162,78.88855581389544,600.2867848714193,689.6334349132721,0.4268321483046159,2020
8.25,1050,752.666622668287,90.8074739679512,716.5499739329025,802.6453444344658,0.41439750567974754,2020
8.75,127,977.984308004592,86.13631204449868,917.1662046235191,1035.0257425944014,0.45131944795100054,2020
9.25,305,1113.9297147723394,75.97966726705351,1057.973006184896,1168.8655794583842,0.43511986572835964,2020
9.75,553,1262.5271541562706,90.25492744303996,1207.5324442545575,1326.2959228515622,0.42111741462766983,2020
10.25,812,1407.864184296191,92.86780941751769,1349.884680684409,1470.7433462300228,0.4041713131636286,2020
10.75,983,1538.4841158963754,91.06597388928238,1480.0508483886733,1597.8223459879591,0.38286348202789133,2020
11.25,1034,1670.6052189548532,95.49684164287399,1608.1242438778181,1736.6941691080738,0.3627376100758481,2020
11.75,1048,1783.6343083805016,96.82005365033936,1717.4827941894546,1853.5593688964848,0.3399135979147723,2020
12.25,931,1858.9774291040678,91.01533256732594,1795.6895101262253,1926.836094156903,0.31263829351320827,2020
12.75,856,1922.5668594034958,79.54720768037167,1873.3119295756037,1981.9825764973978,0.2867657093250229,2020
13.25,798,1958.8975433070218,66.92286982857067,1917.557775878908,2012.170605468753,0.2603397045154253,2020
13.75,755,1983.6603276781766,55.485638650115476,1950.663521321615,2025.5124186197927,0.2359041244876421,2020
14.25,619,1993.3712062562322,52.548540557512084,1963.3467081705764,2034.9997769059828,0.21297072458827582,2020
14.75,589,2006.6327894837998,39.25216690011229,1987.1419311523457,2036.6143473307309,0.1933161620774698,2020
15.25,521,2012.6712756837028,36.663905965128386,1996.6292032877625,2038.7566609700543,0.17544445160100475,2020
15.75,447,2017.8432043394182,31.602995984451354,2002.47835083008,2041.7196973778755,0.15966953591254535,2020
16.25,393,2023.0626080004797,31.291075579730148,2011.79684651693,2044.3886433919288,0.14575570017499556,2020
16.75,344,2027.8739009955752,24.380284869340073,2017.3406402587875,2045.0753000895204,0.13340522281313882,2020
17.25,285,2030.7879545273236,22.456601404747587,2021.2226236979195,2046.13116861979,0.12231327685121446,2020
17.75,225,2033.815498501581,18.76601117961421,2027.6442464192728,2045.3948102678603,0.11243274169929805,2020
18.25,255,2035.9658780624684,17.7805409061692,2027.2433756510422,2049.0113525390652,0.1035519328379211,2020
18.75,197,2036.690057931412,16.772618611481004,2030.12338867188,2047.012211100263,0.09552068935888866,2020
19.25,163,2040.225250499171,13.433466642707634,2035.0603434244813,2048.6154491205352,0.088422387577737,2020
19.75,135,2039.1646055535814,15.06561535308282,2031.512367757165,2048.635219319665,0.08183278002300085,2020
20.25,165,2042.1288118994594,16.14105077750176,2037.67215576172,2052.0103556315125,0.07602989153189386,2020
20.75,118,2043.6825725675694,12.607505639552613,2038.9645619710302,2051.902336909855,0.0707188938768087,2020
21.25,106,2045.2965746509744,11.616706224468347,2039.48379109701,2053.6573760986357,0.06589550774292939,2020
21.75,77,2045.5987304609023,12.342208013922765,2038.6481933593768,2053.7578898112,0.06146373991301951,2020
22.25,70,2045.5616641245367,13.355529606365442,2040.548450724285,2054.4905046251124,0.05741149431010344,2020
22.75,45,2047.4825570153685,19.851551499919278,2041.3638671875,2060.168945312503,0.05375914196458626,2020
23.25,28,2052.1402877757528,12.228444659321445,2048.059028625491,2057.786399332685,0.050479436204784706,2020
23.75,34,2046.7995942782009,26.35324698657144,2045.6359517415426,2058.806945800781,0.047234660821556536,2020
24.25,6,2045.7415109785798,8.582278110754231,2042.9167165120475,2051.129324776788,0.04434981879396335,2020
24.75,8,2050.5109335537636,15.052972392057503,2040.9418922161256,2059.8902933756526,0.04181314171370502,2020
1.25,179,-1.6144396922884767,0.5340815233803508,-2.005426520109177,-1.1646243981931397,,2021
1.75,526,-1.6810238480820132,0.6484247869998365,-1.9561666995286944,-1.2140681967139233,,2021
2.25,810,-1.827573718721693,0.722862798456246,-2.0428604563077286,-1.416458118972422,,2021
2.75,1083,-2.104428602485956,0.9066502168987097,-2.4441475037185625,-1.5405702094237008,,2021
3.25,1204,-2.2717681446483318,2.440005548948934,-2.8028986567053296,-1.6122370352347686,,2021
3.75,1231,6.011532768403395,11.473544931767734,-2.422623531023662,12.045562172418945,0.0352425834201707,2021
4.25,1635,41.04682319050352,21.99626689165675,25.112809004386268,55.93024677236875,0.16530617667477185,2021
4.75,1795,89.69070417504363,27.727006757005757,70.54121973514557,109.50850960413618,0.25872769874477786,2021
5.25,1622,150.65981773278656,32.76834975105934,127.70234698057178,175.30741380055747,0.3218813753273371,2021
5.75,1662,220.03188902309728,37.665551852293646,194.11342246532445,245.37042223612477,0.3578148939926774,2021
6.25,1420,305.455102011611,46.912554833620675,274.42240165074674,337.6197474161785,0.38679749457473706,2021
6.75,1278,409.37588247752916,53.851982704580884,370.8758296966553,445.5999471028646,0.4115165025329218,2021
7.25,1167,526.9146737662506,60.490347001582215,483.301030476888,568.8807118733725,0.42746700099412116,2021
7.75,1037,652.9848042919828,68.850926382885,603.3978174845378,698.6043853759767,0.43368488700170615,2021
8.25,487,757.9306947839779,70.61451599932369,709.5023468017579,799.1406163533529,0.41729575875589325,2021
8.75,88,983.026350237866,88.39922260535413,927.044337463379,1026.8047927856455,0.45364624573153933,2021
9.25,192,1109.449416723288,83.54375975912608,1052.0606648763028,1164.224811439953,0.4333697852163907,2021
9.75,329,1260.952511208976,89.88785796269059,1199.8601200498388,1319.3296866581366,0.42059219062377934,2021
10.25,446,1386.4007102777089,99.60762926678154,1316.3546793619807,1452.3321029663098,0.3980095536872058,2021
10.75,478,1517.816600061218,108.0069345789917,1439.773697425581,1589.6191297743067,0.3777202134066845,2021
11.25,484,1652.7609594636212,100.54015084842925,1582.6201075236013,1720.070154825848,0.35886309563761826,2021
11.75,487,1760.415096875899,101.37687957788957,1697.54718971691,1832.3593953450538,0.335488629362536,2021
12.25,401,1840.1405465326666,99.8420008526966,1775.3408528645843,1914.8869018554708,0.30947035250971267,2021
12.75,392,1906.1989127882641,85.32893935480874,1850.427435302736,1969.7532775878922,0.2843243035562959,2021
13.25,337,1950.109579552531,72.31016818667138,1905.1531087239605,2006.7272176106808,0.25917177416860687,2021
13.75,303,1984.9821330983082,51.648700343334525,1953.8983057657892,2025.0041320800801,0.23606131841143455,2021
14.25,254,2000.9941490163753,45.76240428294311,1980.884748331708,2033.606469726564,0.2137851557579583,2021
14.75,220,2007.7210846712685,40.61432108124402,1988.1520690917987,2038.0801022584433,0.1934210068950923,2021
15.25,194,2023.2321782678625,28.46422013257109,2013.8245483398464,2041.731993192787,0.17636504493617824,2021
15.75,192,2028.1943836466378,26.04653964823108,2020.0957194010432,2044.9093831380233,0.16048861243572465,2021
16.25,162,2028.4761327924955,28.141999522829277,2021.8281697591176,2044.7684407552108,0.14614572868590497,2021
16.75,131,2035.447489523273,20.556786645548957,2029.669125611757,2047.984132964038,0.13390345707935059,2021
17.25,121,2036.4511728746675,19.29813534319565,2029.493457031252,2047.993896484377,0.12265436947589903,2021
17.75,102,2039.225720446771,16.047080769480598,2033.0666158040385,2049.9007456461613,0.11273182786859294,2021
18.25,75,2043.8531340141637,13.98246071309009,2036.192677815757,2053.170643913885,0.10395308916739883,2021
18.75,83,2043.9630226124493,13.264905489047628,2038.2028625488306,2053.0276163737,0.09586179113689858,2021
19.25,50,2045.768146054652,12.38177949061792,2040.500144449872,2054.490216064455,0.08866261402282671,2021
19.75,52,2045.305038111492,10.567654297465662,2038.568274603951,2053.795535809063,0.08207919890717973,2021
20.25,28,2047.9058857985144,8.528348478946496,2043.4186899820984,2053.9926116943375,0.07624497605514112,2021
20.75,36,2047.1662590340193,9.652304692654152,2041.8274462469715,2052.5321539517136,0.07083944217370562,2021
21.25,21,2048.177745720125,10.407860931237407,2041.6466267903663,2054.528287760419,0.06598833351345526,2021
21.75,12,2044.2809698346039,20.664612329171447,2041.900333658857,2056.3100901285825,0.061424145394702534,2021
22.25,15,2047.955050983975,11.72211284584814,2041.6621215820333,2056.963727315269,0.05747866799568448,2021
22.75,11,2052.1504260470774,8.789786875207273,2048.456306966148,2057.016670244592,0.05388170253687926,2021
23.25,5,2057.176234201017,6.973320103180349,2056.456087239585,2062.143945312503,0.05060331259755333,2021
23.75,8,2049.3167025686703,15.600708961309502,2045.3589589436874,2057.242248114227,0.047292748949326266,2021
