turbine_id,month,n_records,V_mean,TI_direct_med,TI_direct_std,V_clipped,TI_clipped,DEL_est_kNm,avail_approx,fatigue_risk_score
T01,1,4184,10.301,0.144,0.0402,10.301,0.144,1904.5,23.244,0.7652957784004004
T01,2,3916,11.918,0.1449,0.0398,11.918,0.1449,2355.5,21.756,0.9999999898713212
T01,3,3834,9.585,0.1337,0.0382,9.585,0.1337,1675.7,21.3,0.5624630341730414
T01,4,3617,6.722,0.135,0.04,6.722,0.135,1056.1,20.094,0.17580799360698213
T01,5,3795,7.502,0.1341,0.0421,7.502,0.1341,1317.5,21.083,0.27569656498159745
T01,6,2795,8.288,0.128,0.0381,8.288,0.128,1450.0,15.528,0.3244793943859858
T01,7,3730,7.247,0.1346,0.0385,7.247,0.1346,1234.5,20.722,0.24509613335606178
T01,8,3269,7.344,0.1315,0.0371,7.344,0.1315,1240.0,18.161,0.22767000269980836
T01,9,2957,7.966,0.1357,0.0403,7.966,0.1357,1496.0,16.428,0.35644800899568907
T01,10,2752,8.261,0.1174,0.0361,8.261,0.1174,1329.5,15.289,0.21482615469306643
T01,11,3557,9.06,0.1283,0.037,9.06,0.1283,1555.7,19.761,0.43523816925802405
T01,12,3690,8.813,0.1187,0.0363,8.813,0.1187,1421.1,20.5,0.3048646282769895
T02,1,4126,10.077,0.1469,0.0428,10.077,0.1469,1873.0,22.922,0.7559503410573276
T02,2,3613,11.52,0.149,0.0422,11.52,0.149,2273.8,20.072,0.9999999894012073
T02,3,3772,9.45,0.1362,0.0388,9.45,0.1362,1683.1,20.956,0.5476785757332272
T02,4,3239,6.808,0.137,0.0411,6.808,0.137,1098.7,17.994,0.1493615912790271
T02,5,3717,7.427,0.1392,0.0446,7.427,0.1392,1340.7,20.65,0.2676205819897312
T02,6,2736,8.217,0.1334,0.0398,8.217,0.1334,1505.4,15.2,0.32864201147852057
T02,7,3690,7.069,0.1427,0.043,7.069,0.1427,1242.5,20.5,0.24907205456031029
T02,8,3006,7.505,0.1332,0.0372,7.505,0.1332,1309.6,16.7,0.21695762223792475
T02,9,2396,8.145,0.14,0.0404,8.145,0.14,1577.3,13.311,0.38649544801999786
T02,10,2779,8.052,0.125,0.0368,8.052,0.125,1381.2,15.439,0.21550731859895514
T02,11,3356,8.806,0.1333,0.0386,8.806,0.1333,1576.8,18.644,0.41826002480697877
T02,12,3812,8.72,0.1227,0.0391,8.72,0.1227,1448.4,21.178,0.2943067911090182
T04,1,4152,9.956,0.1493,0.0421,9.956,0.1493,1873.1,23.067,0.7458965690071322
T04,2,3865,11.733,0.1495,0.0386,11.733,0.1495,2332.5,21.472,0.9999999907013685
T04,3,3805,9.388,0.135,0.0402,9.388,0.135,1664.8,21.139,0.5343200294455304
T04,4,3541,6.624,0.1388,0.0407,6.624,0.1388,1042.5,19.672,0.1767236607758781
T04,5,3722,7.462,0.1345,0.0418,7.462,0.1345,1307.8,20.678,0.25631679907816196
T04,6,2739,8.168,0.1301,0.0415,8.168,0.1301,1459.5,15.217,0.3162548696910108
T04,7,3687,7.032,0.1404,0.0415,7.032,0.1404,1205.0,20.483,0.24929611202799584
T04,8,3335,7.262,0.1289,0.0381,7.262,0.1289,1190.2,18.528,0.17664643555514797
T04,9,2767,7.895,0.1433,0.0407,7.895,0.1433,1555.4,15.372,0.3983663771200454
T04,10,2734,8.204,0.1195,0.0361,8.204,0.1195,1337.6,15.189,0.22430495200150627
T04,11,3549,8.791,0.1335,0.0393,8.791,0.1335,1577.1,19.717,0.43583182968507306
T04,12,3862,8.746,0.12,0.0379,8.746,0.12,1422.3,21.456,0.3058284016283147
T05,1,4113,9.752,0.1546,0.0432,9.752,0.1546,1905.4,22.85,0.7450903667479558
T05,2,3846,11.306,0.1567,0.043,11.306,0.1567,2272.2,21.367,0.9999999908415793
T05,3,3740,9.36,0.1437,0.0399,9.36,0.1437,1748.6,20.778,0.5873884088071769
T05,4,3544,6.53,0.1439,0.0434,6.53,0.1439,1053.9,19.689,0.15941606034701436
T05,5,3669,7.385,0.1431,0.0444,7.385,0.1431,1364.7,20.383,0.2820540935488983
T05,6,2627,8.309,0.1392,0.0429,8.309,0.1392,1586.2,14.594,0.38725038019716623
T05,7,3670,6.905,0.1467,0.0449,6.905,0.1467,1222.0,20.389,0.24158322669665994
T05,8,3264,7.241,0.1379,0.0401,7.241,0.1379,1261.2,18.133,0.21335165501982273
T05,9,2821,7.76,0.1486,0.0421,7.76,0.1486,1558.6,15.672,0.388538964019275
T05,10,2808,8.098,0.1267,0.0401,8.098,0.1267,1407.8,15.6,0.24262522153959443
T05,11,3471,8.667,0.1378,0.0433,8.667,0.1378,1609.8,19.283,0.4290083275745125
T05,12,3823,8.668,0.1262,0.0402,8.668,0.1262,1479.6,21.239,0.32468412891024195
T06,1,4101,9.867,0.1452,0.0466,9.867,0.1452,1820.1,22.783,0.7177516769533571
T06,2,3878,11.288,0.1517,0.0445,11.288,0.1517,2231.7,21.544,0.9999999895215447
T06,3,3731,9.349,0.1359,0.0393,9.349,0.1359,1668.9,20.728,0.543290957310024
T06,4,3499,6.497,0.1435,0.0448,6.497,0.1435,1036.7,19.439,0.19001803796924663
T06,5,3634,7.234,0.1445,0.0453,7.234,0.1445,1322.4,20.189,0.31191807537926497
T06,6,2702,8.273,0.1354,0.0406,8.273,0.1354,1536.8,15.011,0.3752339150414804
T06,7,3662,6.78,0.1504,0.0454,6.78,0.1504,1211.6,20.344,0.30411761163312806
T06,8,3205,7.282,0.1377,0.0387,7.282,0.1377,1274.7,17.806,0.24896064278910268
T06,9,2831,7.747,0.14,0.0432,7.747,0.14,1467.3,15.728,0.3431083264498078
T06,10,2815,8.006,0.1251,0.0402,8.006,0.1251,1375.7,15.639,0.22844452092914957
T06,11,3504,8.727,0.1329,0.0438,8.727,0.1329,1562.7,19.467,0.4181464075428044
T06,12,3831,8.612,0.1253,0.039,8.612,0.1253,1462.7,21.283,0.32225107400300745
T07,1,3991,9.587,0.1459,0.0402,9.587,0.1459,1796.1,22.172,0.6714143985926507
T07,2,3855,10.904,0.1513,0.0401,10.904,0.1513,2131.0,21.417,0.9999999783775633
T07,3,3696,8.961,0.1385,0.0375,8.961,0.1385,1651.1,20.533,0.41150398565764773
T07,4,3380,6.413,0.1398,0.0442,6.413,0.1398,969.8,18.778,0.02789921657037366
T07,5,3425,7.137,0.1444,0.0457,7.137,0.1444,1284.2,19.028,0.24354608557140428
T07,6,2492,7.929,0.1388,0.0381,7.929,0.1388,1521.6,13.844,0.25127346216655155
T11,1,4173,9.942,0.1208,0.0403,9.942,0.1208,1606.8,23.183,0.14078373240203357
T11,2,3902,11.564,0.1247,0.0402,11.564,0.1247,1990.0,21.678,0.9999999652153403
T11,3,1869,10.277,0.1167,0.0383,10.277,0.1167,1628.9,10.383,0.14979993825536336
