v_bin,n_records,power_mean,power_std,power_p10,power_p90,v_mean,Cp,turbine_id
1.25,189,-1.4340489671988605,0.5289555005764779,-2.042166897058487,-0.9450993796800952,1.1291047437077681,,T01
1.75,634,-1.3538742015750436,0.4522736267652073,-1.9534280498822523,-0.9286456928650534,1.5212139169414156,,T01
2.25,1072,-1.6044952773372123,0.6492428505282224,-2.245110289255778,-1.003808221462227,2.0183139406491133,,T01
2.75,1606,-1.8347681293964806,0.9511382277223902,-2.9008490463097885,-1.1774726357488405,2.5174053180358773,,T01
3.25,1758,-2.1492670903156563,2.7869696987963177,-4.320816608270009,-1.3800222645203273,3.004004001116975,,T01
3.75,1908,6.569060378140259,11.440507788595964,-4.1322474533456495,23.420250980892895,3.518216338298078,0.03851108648788637,T01
4.25,2529,41.63464129773436,21.48517165470574,13.420489244808758,70.14751482207205,4.001696909135325,0.1676734722736433,T01
4.75,2753,90.64587777907069,27.93109960304719,54.96212521307664,127.37976918538418,4.495661491008442,0.26148305528640303,T01
5.25,2692,151.9597004955695,33.06186788984208,110.51958983262385,193.7049882253012,4.998800818205478,0.3246585461599142,T01
5.75,2729,221.5322283713858,36.88468484005325,174.99202437082923,268.9093119654163,5.502564047886034,0.36025473926803453,T01
6.25,2808,304.59263331145223,45.82929159536099,246.21766380310058,364.43132761637384,5.996385208106756,0.385705351309905,T01
6.75,2612,407.02558101931726,54.55891321744993,342.00458248796156,475.1314129130046,6.504373220152799,0.40915391138532414,T01
7.25,2503,520.795771617634,65.19546552504451,446.5646314669207,598.2591886393228,6.996447262086773,0.4225029548571067,T01
7.75,2347,642.666865228162,78.88855581389544,559.1439854378538,736.2038503011072,7.4951395129614315,0.4268321483046159,T01
8.25,1050,752.666622668287,90.8074739679512,674.2407196044923,842.5795590034578,7.881227657902836,0.41439750567974754,T01
8.75,127,977.984308004592,86.13631204449868,878.6850516764326,1104.1608054395658,8.55179607192691,0.45131944795100054,T01
9.25,305,1113.9297147723394,75.97966726705351,1019.0916467285167,1212.7163745117193,9.023539698542555,0.43511986572835964,T01
9.75,553,1262.5271541562706,90.25492744303996,1146.0138777669276,1374.4849625651038,9.515658484582877,0.42111741462766983,T01
10.25,812,1407.864184296191,92.86780941751769,1290.3011166837857,1525.5704801432312,10.012160278159927,0.4041713131636286,T01
10.75,983,1538.4841158963754,91.06597388928238,1417.2711334635428,1656.9109147135432,10.503802775555297,0.38286348202789133,T01
11.25,1034,1670.6052189548532,95.49684164287399,1547.964164632164,1789.4801629568503,11.005366685414645,0.3627376100758481,T01
11.75,1048,1783.6343083805016,96.82005365033936,1647.0600054159945,1910.1364062500018,11.49943425819108,0.3399135979147723,T01
12.25,931,1858.9774291040678,91.01533256732594,1732.43301595052,1971.3614298502616,11.999245887606921,0.31263829351320827,T01
12.75,856,1922.5668594034958,79.54720768037167,1813.8555796305347,2017.41582199623,12.49468480593436,0.2867657093250229,T01
13.25,798,1958.8975433070218,66.92286982857067,1868.598324862395,2034.4918135579455,12.994651726527312,0.2603397045154253,T01
13.75,755,1983.6603276781766,55.485638650115476,1908.8284215887677,2043.6169417317737,13.476621037486685,0.2359041244876421,T01
14.25,619,1993.3712062562322,52.548540557512084,1920.9066602123755,2046.9957747395858,13.989215552197264,0.21297072458827582,T01
14.75,589,2006.6327894837998,39.25216690011229,1953.3363131959425,2047.3605721028664,14.498211445246605,0.1933161620774698,T01
15.25,521,2012.6712756837028,36.663905965128386,1969.125219726565,2048.5242472330738,14.988119919436869,0.17544445160100475,T01
15.75,447,2017.8432043394182,31.602995984451354,1972.3265665690142,2049.468616732896,15.495825417546719,0.15966953591254535,T01
16.25,393,2023.0626080004797,31.291075579730148,1981.0340356445329,2050.5689780249404,15.989152426403825,0.14575570017499556,T01
16.75,344,2027.8739009955752,24.380284869340073,1997.155865885415,2050.8716345214866,16.49177251095682,0.13340522281313882,T01
17.25,285,2030.7879545273236,22.456601404747587,2001.2926546223975,2051.794902451992,17.00387404302425,0.12231327685121446,T01
17.75,225,2033.815498501581,18.76601117961421,2010.5272648111975,2051.9769402444767,17.489359986431577,0.11243274169929805,T01
18.25,255,2035.9658780624684,17.7805409061692,2011.7435281687783,2053.0097086588553,17.99670931917586,0.1035519328379211,T01
18.75,197,2036.690057931412,16.772618611481004,2016.7960530037778,2054.223529459638,18.499283985065148,0.09552068935888866,T01
19.25,163,2040.225250499171,13.433466642707634,2018.7450021158838,2054.865959388472,18.966940311466686,0.088422387577737,T01
19.75,135,2039.1646055535814,15.06561535308282,2019.8012792968757,2054.406777343751,19.503682507915425,0.08183278002300085,T01
20.25,165,2042.1288118994594,16.14105077750176,2025.18771091627,2056.992012532556,19.99365297665272,0.07602989153189386,T01
20.75,118,2043.6825725675694,12.607505639552613,2025.3570121256528,2057.270608317063,20.492474304642805,0.0707188938768087,T01
21.25,106,2045.2965746509744,11.616706224468347,2029.48669840495,2058.433197021489,21.008467574576123,0.06589550774292939,T01
21.75,77,2045.5987304609023,12.342208013922765,2029.1530069987002,2059.914060872398,21.487700402033994,0.06146373991301951,T01
22.25,70,2045.5616641245367,13.355529606365442,2032.7276245117216,2060.4392944335955,21.99416627814275,0.05741149431010344,T01
22.75,45,2047.4825570153685,19.851551499919278,2027.935318196616,2063.629586588544,22.500102144320945,0.05375914196458626,T01
23.25,28,2052.1402877757528,12.228444659321445,2042.586689453127,2064.64365275065,23.009929997468312,0.050479436204784706,T01
23.75,34,2046.7995942782009,26.35324698657144,2031.906870524089,2064.240316569014,23.504487952450294,0.047234660821556536,T01
24.25,6,2045.7415109785798,8.582278110754231,2036.94247639974,2053.352559407554,24.018600909134523,0.04434981879396335,T01
24.75,8,2050.5109335537636,15.052972392057503,2034.709171142581,2068.075362955733,24.521695770457725,0.04181314171370502,T01
1.25,205,-1.341783071752261,0.6569513115178593,-2.000920491615931,-0.7656690546728315,1.1263910278339964,,T02
1.75,664,-1.3596390699433076,0.6799771801388549,-1.9970683517058694,-0.7786610499538219,1.5221314263683063,,T02
2.25,1161,-1.5729920338632268,0.8288107616517805,-2.411830390875156,-0.8543358897340709,2.0133004679135804,,T02
2.75,1775,-1.826618629956357,1.0413085951232801,-3.0226687526702873,-1.0337096283833171,2.5135800344841606,,T02
3.25,2029,-2.1168658080724274,2.497179123168989,-4.277433738009683,-1.1324108059789941,2.993300282418264,,T02
3.75,2026,4.147513922257831,9.99889908855876,-4.453230206171672,18.85942253683295,3.5116201044216298,0.024314781441391375,T02
4.25,2466,36.28063209339169,22.167825387903562,6.522634492175918,65.80874034563703,3.996793561628103,0.14611149201164367,T02
4.75,2686,85.38351438157926,28.928099505204617,47.50556759238241,122.59369403356794,4.502603804150753,0.2463028960456581,T02
5.25,2711,145.79552907272205,34.122099768587596,102.94683198271127,189.22749938964844,4.997309748022698,0.311488929966307,T02
5.75,2618,217.6509585149417,38.57309427308175,169.63552652994792,267.34015734354665,5.501666636283958,0.3539430352309222,T02
6.25,2706,299.4786711971435,45.83647356048365,237.8596430460613,358.9196076228701,6.001685576471516,0.37922954612564735,T02
6.75,2540,397.7394531016062,55.52024976910874,330.5128612334153,467.99668441968066,6.497671610255087,0.3998192264506797,T02
7.25,2509,502.7968868761005,66.5699486625937,430.2592629478718,582.2014948730471,6.992680240898474,0.40790110437777205,T02
7.75,2257,626.8624046293982,80.81063492153612,540.6045070975168,718.7772520751954,7.493539695979194,0.4163354940733897,T02
8.25,1051,732.2206863627732,93.79928412111202,647.8438757534686,830.1584635416667,7.885553347911154,0.40314053645709874,T02
8.75,177,965.1845804996643,91.86002093756227,845.642881469727,1073.4580895996103,8.536544546933511,0.44541263952456095,T02
9.25,395,1109.0470051289728,85.74761020350238,995.79799967448,1219.306370442709,9.037532797583937,0.4332125964130363,T02
9.75,673,1243.5600992400032,90.65565105474127,1126.9189892578136,1357.9617728678413,9.507602443043165,0.41479093119074334,T02
10.25,915,1376.7463924685158,90.31816904253213,1263.6904610188822,1487.8548486328143,10.001570229996693,0.39523798072571925,T02
10.75,1034,1517.8648445767258,92.97550207410386,1397.2860791524265,1637.8772300211576,10.503471067887464,0.37773221942156965,T02
11.25,1069,1644.9823402136901,97.13483973833068,1516.9712019856784,1772.9452634910308,10.998315035655642,0.3571741282356277,T02
11.75,1008,1754.0859083434977,98.49056753843736,1620.4876626902628,1876.7631111653654,11.492191566693336,0.33428245316609195,T02
12.25,900,1837.2679945825287,97.52849616220435,1705.8221425374363,1957.452174560549,11.994122481430898,0.3089872537234343,T02
12.75,848,1905.870509948022,86.7633693254149,1791.6122601528832,2009.9967362467505,12.495344462050513,0.2842753197339826,T02
13.25,796,1940.1925331039602,74.58865598941495,1846.3868947347025,2025.3244166782947,13.00232529980992,0.2578537874515844,T02
13.75,692,1970.9121667738382,62.40897039527558,1878.8142740885428,2037.2508190917993,13.493877215524883,0.23438806667522138,T02
14.25,556,1985.1382711298606,56.41796573448427,1908.3374719864296,2041.7672078450546,13.989261282904598,0.21209112215705345,T02
14.75,474,2002.0711491263328,43.07964888591639,1939.2849243164092,2045.6830433391747,14.474641500826182,0.19287670010350788,T02
15.25,476,2004.9826570002317,41.665298293921055,1946.7237294514969,2045.5894438567,15.00657144727097,0.1747742351057489,T02
15.75,395,2012.8984088757131,40.18075966859114,1964.3107584635459,2047.785171712242,15.494494290368149,0.1592782601210595,T02
16.25,346,2020.2044603642507,32.69405122544159,1975.0280324300145,2048.661776620372,15.985197732115468,0.1455497790590229,T02
16.75,273,2024.1164328729394,27.51598289196984,1989.165726725262,2050.609841308595,16.498325874056157,0.13315803492247785,T02
17.25,244,2028.3633358263903,23.169520043290692,1994.5031982421879,2049.2373746744825,16.987084596064044,0.12216724335827162,T02
17.75,247,2029.9303825693546,22.452275176236764,1997.1946093750032,2049.9755777994847,17.500282353360856,0.11221796595567643,T02
18.25,196,2032.357335259186,20.504630735542225,2006.298282612236,2052.115227359466,17.989923159645343,0.10336839755079542,T02
18.75,191,2035.7428077938,20.23654824874296,2005.68329671224,2053.38435465495,18.49550708243732,0.09547626336201809,T02
19.25,167,2038.043873946342,15.438931648117071,2016.2927042643241,2053.3925561523456,18.990429891204702,0.08832784776015558,T02
19.75,144,2038.295055150067,16.335099149250052,2015.3101770019573,2055.5535624420086,19.508835199206352,0.08179788449436333,T02
20.25,87,2043.2886076881082,13.173751735416934,2022.831267089846,2057.471465573367,20.010482697386514,0.07607307154458273,T02
20.75,101,2039.5172690528607,21.06822022066403,2018.41266682943,2057.877823893232,20.48809515879047,0.07057475913632828,T02
21.25,89,2044.7324435474227,14.118266005435677,2030.8280286096683,2057.9106090607097,21.003793332240306,0.0658773325276756,T02
21.75,56,2048.0612459925087,10.229078749585208,2036.7872131347672,2059.7057189239895,21.49461335144274,0.06153773067763654,T02
22.25,43,2048.6932909159646,12.929051720060995,2034.5918907428631,2060.7002571614603,22.041580672091566,0.057499387712131186,T02
22.75,35,2046.2973524696602,13.159238390745939,2027.4977563476589,2060.4739868164074,22.47609599660626,0.05372802297936634,T02
23.25,25,2050.985586389615,11.050813503348927,2040.1314164677372,2066.00688883464,23.008086449513794,0.05045103235963613,T02
23.75,17,2052.651928351909,8.736445272256018,2045.0571378580748,2060.8451171875004,23.45615384676759,0.04736971704091422,T02
24.25,12,2050.3619673755584,11.996062504003966,2036.3957368977851,2064.6716918945326,24.00730089183915,0.0444499860941094,T02
24.75,5,2048.9539909072464,13.512154473269401,2035.5233752020495,2060.310925021706,24.419690211448593,0.041781393205343687,T02
1.25,210,-0.27937592790989707,0.3951301165654193,-0.7461224400440515,-0.002118192722124071,1.1265119818492926,,T04
1.75,662,-0.3076946615651132,0.431981787004009,-0.9109817594103516,-0.0007649656577360606,1.528216756452744,,T04
2.25,1155,-0.6607593682806866,0.7673301836690605,-1.4897895736735443,-0.008678266952435091,2.0153924009912094,,T04
2.75,1692,-0.9958800765371513,1.1020677718754297,-1.931489095961054,-0.022869932174278455,2.5138362462595034,,T04
3.25,1945,-1.4561382603921347,2.3506973177509694,-3.674392379497488,-0.048018093742969996,2.9962337408393176,,T04
3.75,1994,6.8587753517686405,11.383867040271612,-3.565627022236585,23.15234994007992,3.5078041222715033,0.040209539198622,T04
4.25,2594,42.29361468205138,21.660166910776056,14.321567931473254,70.77717224844571,4.003455759303026,0.170327328582725,T04
4.75,2655,92.81893747267677,29.268178153522936,55.86229758696895,130.11188093821207,4.507539343687593,0.2677516060680366,T04
5.25,2779,154.58796344438778,33.92486587817376,111.85371759529465,197.68008071899428,4.999617929720804,0.3302737719408717,T04
5.75,2758,228.63425598840084,40.05001939626883,178.90179297129313,282.67150390625005,5.4974673682239175,0.37180402546558444,T04
6.25,2829,317.0879968999614,49.40062944421998,252.92206017917857,380.7632588704428,5.998030892062444,0.40152821790472143,T04
6.75,2655,424.94574634698307,58.823069898531756,356.1115137736004,496.7617055011617,6.502878787513279,0.4271677809758405,T04
7.25,2602,541.7540452317871,69.07095563271946,462.54720743815113,623.7504815252894,6.992329102108941,0.4395056515248989,T04
7.75,2362,670.7197460440352,86.5292415776468,581.5641046578544,766.6563160196943,7.49024311247857,0.4454636851592839,T04
8.25,1137,783.9899843091591,98.52411809468208,697.1485680100013,883.3755825700433,7.893969609238016,0.43164328560747356,T04
8.75,226,978.1755877653397,82.21983588500294,879.8965356234851,1096.4178395589206,8.525105828563058,0.45140771958820197,T04
9.25,473,1140.6742364148129,89.1659098290326,1027.9749735514329,1255.6391422526053,9.018495099073576,0.445566730114611,T04
9.75,722,1290.6504387823613,92.64926322718581,1168.2082587348102,1399.1619447835294,9.505707304555393,0.43049796923482364,T04
10.25,954,1445.571717452473,93.23125103014539,1315.2858127848317,1565.9566893853128,10.005876908631922,0.4149964363267371,T04
10.75,1036,1573.545723134762,94.76076254079966,1449.127683673728,1689.767940266926,10.493039932130724,0.39158882985181853,T04
11.25,1082,1703.96941609407,97.43293859160421,1577.1755771891292,1833.0512784830742,11.000837863128174,0.3699819602042108,T04
11.75,954,1804.601133665521,101.94546654169623,1668.9654388427755,1933.319648030601,11.498969483444569,0.3439093211333689,T04
12.25,922,1884.572684471477,92.31228152314922,1761.1158898925792,2001.0670714069247,11.997357474626334,0.3169428411827075,T04
12.75,835,1936.8714856910706,82.80924682363013,1829.3278352864593,2032.0009993489623,12.495649735467632,0.2888993549165517,T04
13.25,811,1970.8953428375603,62.186157406064815,1884.665087890627,2041.7814575195337,13.009698806503245,0.26193422567621183,T04
13.75,689,1989.2394219216778,56.32224187296577,1914.1343965076287,2046.600312500002,13.483567163903182,0.2365676107330356,T04
14.25,614,2003.859489040372,45.67839310017894,1940.574519449874,2047.9738243787046,13.98973914403598,0.2140912871695023,T04
14.75,516,2013.7068247003526,37.31219503436721,1962.5250406901055,2049.749247233075,14.489591463441768,0.19399766461526927,T04
15.25,504,2015.8162852792486,37.95497111299363,1967.050046386718,2050.2752278645858,14.991021521589737,0.17571860192571837,T04
15.75,409,2025.8868914396012,27.394155724786465,1991.4073331705752,2050.1224877929703,15.495903318971113,0.1603060233182813,T04
16.25,324,2028.8290898303662,26.0036697454282,2001.0167830403664,2051.278101399745,15.993201722584198,0.1461711582005345,T04
16.75,335,2034.3722087217482,16.676627863079567,2011.808463541666,2050.842589653864,16.503175931659023,0.13383271891617204,T04
17.25,245,2035.5790208876313,16.645038635858135,2013.0853759765637,2052.5921215820335,17.00260635441491,0.12260184022625045,T04
17.75,234,2037.097491691476,16.319505765891734,2016.0823482259102,2053.400642089846,17.49453597249291,0.11261417580325202,T04
18.25,199,2037.0750505605554,15.911927215017181,2018.385937500002,2052.1731315104184,17.988019987209768,0.1036083468266157,T04
18.75,162,2038.8788233753125,14.689763271269728,2018.1707515462247,2053.3652144368502,18.4909969430491,0.09562334237829735,T04
19.25,156,2043.1278622353,11.887487221229684,2026.7466512044293,2056.1265625000015,19.00039930116705,0.0885481853835709,T04
19.75,139,2044.2370616885923,14.86987646431967,2026.723850097662,2059.6568798828157,19.491159055808062,0.08203634043491767,T04
20.25,141,2044.3388305652118,14.221149413328517,2031.22957356771,2056.599808756513,20.0015851412752,0.07611217208073169,T04
20.75,99,2046.5630614177458,13.080978365764802,2031.4811354573594,2059.345299479169,20.477249032109093,0.07081856932936835,T04
21.25,98,2046.733477018487,15.200461399490553,2032.111416422532,2059.014056396487,21.001091368041912,0.06594180196365892,T04
21.75,62,2049.987734927972,8.558804482250927,2040.3393391927098,2059.431531603585,21.460184220911955,0.061595615546800465,T04
22.25,52,2046.3353473854318,14.59351981903199,2028.7837589518247,2061.507847970553,21.979945205728278,0.05743320879219886,T04
22.75,34,2042.0955104483874,28.074010158452456,2027.5334020996115,2061.1511593733185,22.486253774462007,0.053617698512395714,T04
23.25,21,2055.4236180817,8.021396749309284,2045.104904700972,2063.3187866211,23.00308496602193,0.05056020098665931,T04
23.75,16,2042.1907197709081,34.128968460729695,2032.314961751305,2059.0233113606796,23.432137127048033,0.04712830032357244,T04
24.25,8,2037.450992266339,46.799492895081094,1999.404386647544,2062.653095296225,23.989673963548093,0.044170087874576595,T04
24.75,3,2063.804899088543,8.552053554500839,2058.44051839193,2070.839838053386,24.41150956509428,0.04208422657150652,T04
1.25,226,-0.9310223076522154,0.45541931057987256,-1.1913055290778476,-0.5838268463810283,1.1294302874662892,,T05
1.75,636,-0.9455679754854986,0.45085080375359865,-1.354298979009705,-0.5807655799601759,1.5192883664799068,,T05
2.25,1187,-1.1695142521766921,0.5938525617802485,-1.645773955768552,-0.6665904883543647,2.0266431631887762,,T05
2.75,1966,-1.4652301117288165,1.0615794023943323,-2.645305023094018,-0.8611426096538013,2.52499531848298,,T05
3.25,2155,-1.7960000150335402,2.0561423499223435,-3.7659604436159153,-1.0157840309540422,2.99286699677746,,T05
3.75,1989,4.578784085198984,9.552390233452755,-4.048474595546722,18.619033252547183,3.5122227176524508,0.026843100803463308,T05
4.25,2550,35.220206989911425,20.618069862645335,8.454722461899118,62.68998016616395,3.9975903396253223,0.1418408857653891,T05
4.75,2834,85.92164037045664,27.853136152828796,50.96239737669628,122.4330541992188,4.504358977757996,0.24785520963286423,T05
5.25,2881,143.76834653281102,33.55672449325035,101.08204032634865,186.7650482177735,4.99827097407294,0.3071578992123509,T05
5.75,2921,215.3795498615665,39.289223140566925,165.69510434468603,266.026443481445,5.503144792468471,0.3502492804296071,T05
6.25,2862,298.85599888007715,46.53153435942244,239.64040797317247,359.8918292363484,5.994018717578895,0.37844105678434586,T05
6.75,2785,401.9504036972055,59.51508967816907,332.88302439371756,475.56867116292324,6.50391028288469,0.40405219604076065,T05
7.25,2670,513.4053265134019,69.00921925278601,432.3319494519916,597.9456992594403,6.992155842380078,0.4165073514662638,T05
7.75,2345,633.288966503669,87.80169504395008,545.4694106474377,730.624947509766,7.489023361733674,0.4206037446389977,T05
8.25,1100,746.8069318682783,94.50562509108451,657.4087436018323,847.1413243787046,7.894475697732295,0.411171321365941,T05
8.75,300,962.2928096803889,90.0905001524636,849.9811033121749,1080.8596940104171,8.534298320082831,0.44407814734603196,T05
9.25,558,1106.4376541720528,94.89584680765132,992.9351213582358,1221.9515220133476,9.023459663125603,0.4321933396116812,T05
9.75,886,1247.8797040870281,95.31399331778728,1124.4582255045584,1369.3858715890483,9.500699821116239,0.4162317404592045,T05
10.25,1062,1390.6607918916513,92.2974538016834,1276.1592911783862,1507.4576825021345,9.996226532129148,0.3992325429494492,T05
10.75,1068,1532.530002590347,100.35972935077706,1400.8444311967771,1661.9751184082045,10.500328321965682,0.38138175561344184,T05
11.25,967,1659.7336615940133,100.32232066252914,1524.3643751743873,1788.8832031250024,11.001539785529863,0.3603770746901508,T05
11.75,1012,1769.6724784963508,104.2375424539491,1630.1779346865717,1897.5467009089562,11.502986638702534,0.3372528418354027,T05
12.25,901,1848.5639568476568,101.978796635005,1707.7130126953134,1973.7762409078675,11.999950931205074,0.31088698112779617,T05
12.75,825,1908.3124998203787,89.05348027727412,1786.4682324218768,2014.7209920247424,12.498114231763806,0.2846395614010465,T05
13.25,758,1948.8519429195405,78.20020444376702,1837.2348864746111,2036.195495984309,12.995193206429013,0.25900463283416636,T05
13.75,632,1977.336294187009,64.44023013125938,1895.64708943685,2043.3705879720067,13.486816440246484,0.23515204734865397,T05
14.25,607,1991.7089451567167,57.5165101858423,1917.0557311559614,2047.3112019856792,13.998875417502934,0.2127931294922357,T05
14.75,487,2004.8506685550467,49.95817206279897,1939.986031901044,2048.9370662434926,14.493776628119292,0.19314447507020568,T05
15.25,449,2012.338666516222,38.79078506676424,1962.3660359700534,2049.893937988283,15.01057816609117,0.17541545807697967,T05
15.75,386,2018.4801447113905,36.49664237516483,1974.6678973318535,2049.464232970123,15.480179345506533,0.1597199362476051,T05
16.25,301,2025.5046244001614,27.068637159713653,1992.26882324219,2049.513415527346,15.987822137630364,0.14593164026145994,T05
16.75,295,2031.312503590709,22.845770518683832,2001.8764176432314,2053.2640266927115,16.498525023168057,0.1336314338931988,T05
17.25,243,2030.3053985423653,23.329402608241015,2001.8451790364609,2049.973404947918,16.98639284476065,0.12228421276126215,T05
17.75,202,2035.997415324313,17.494502778723614,2012.5776896158861,2052.6548229980494,17.50137001461545,0.11255336173131192,T05
18.25,192,2038.2493855216826,15.929365725341523,2014.5094104003917,2053.661757405598,17.992839184140767,0.10366807506486082,T05
18.75,189,2036.1796024280425,20.930794141419568,2011.2481887571848,2053.94616800243,18.50762065924748,0.095496749014417,T05
19.25,158,2038.9524110106358,17.537643604012583,2020.264134774043,2055.821525878909,19.002196569640994,0.0883672233224412,T05
19.75,124,2042.6178276913133,13.445057037814736,2024.8139396158874,2056.852725016277,19.501891401795934,0.0819713596976372,T05
20.25,126,2043.6475622603598,19.53744924303707,2023.9403726890625,2059.737119234527,20.00496566146176,0.07608643567569637,T05
20.75,79,2045.9499785223309,13.506695791752904,2028.4182739257828,2060.4244829269956,20.496927158471113,0.07079735441820724,T05
21.25,79,2043.1610603344095,19.78728730939627,2019.9379051994572,2060.089847819012,21.006446299331767,0.06582670559368296,T05
21.75,66,2046.3904226549855,11.591521780521605,2032.4114866760979,2061.566497802736,21.470086157399994,0.06148752774705739,T05
22.25,46,2046.9018877371639,23.351378157063017,2037.0392232259155,2059.9720865885456,21.96971542623205,0.057449109524379344,T05
22.75,41,2050.31616265349,8.335796538854394,2038.55002034505,2060.63192952474,22.43693290385963,0.05383354172308456,T05
23.25,28,2053.6281762434764,6.459669902353766,2045.2357368977885,2061.0049475097685,23.00520822636331,0.050516035930170775,T05
23.75,12,2048.2936763088223,19.735887581943526,2028.9267279824478,2064.6963741048207,23.497695077911704,0.0472691402391572,T05
24.25,8,2049.7209676106804,13.390685390934587,2040.4792822265676,2059.284193115239,23.96926517920405,0.04443608980111893,T05
24.75,5,2032.4422014363627,52.04814061475418,1981.0461355590837,2061.4570320638036,24.609253864389785,0.04144469185847675,T05
1.25,221,-1.3026452723621107,0.6889445528353668,-2.248880352576573,-0.7188023527463278,1.121171359606204,,T06
1.75,687,-1.4266911924218062,0.6824128744468017,-2.3677441668510433,-0.7800775923400086,1.526384629994013,,T06
2.25,1264,-1.724795525466719,0.78388090509886,-2.833489670952161,-0.8604645687664668,2.0225366890766416,,T06
2.75,2039,-1.9885441465499087,0.9984221935015167,-3.3736573513348898,-1.1767587471008305,2.5162189110240916,,T06
3.25,2044,-2.054989533548785,2.6336978353473,-3.956325629250757,-1.2828896991411851,2.9893964448253225,,T06
3.75,2183,8.54645305756761,12.921030641318442,-3.740560699701309,27.01369068940481,3.5076688866074153,0.0501035420468805,T06
4.25,2791,47.8413538547946,24.00817518416907,17.29401408334574,79.3833964117642,4.001220685478823,0.19266950954953896,T06
4.75,2930,99.96794203272673,30.202979224052704,60.97815688560408,138.92310824076327,4.502935559227603,0.2883740943754961,T06
5.25,2896,161.2224979349838,34.7254894088911,116.26850655419489,205.8567245658787,4.999447395641717,0.3444483084471971,T06
5.75,2848,235.13700371514742,41.75473962760585,181.58315992832192,289.7577161153159,5.5027051906081335,0.3823787653309623,T06
6.25,2849,320.8222151646789,48.44072154977739,260.11480745951343,383.3963420613608,5.998604315396107,0.40625685481232504,T06
6.75,2847,423.3914332755621,60.850810758789585,352.2097371419272,499.76071533203134,6.4973334452980165,0.42560534042579795,T06
7.25,2624,538.1071395831376,72.98088610620744,459.24808178710947,624.4391398252291,6.992615490486488,0.4365470476025714,T06
7.75,2206,666.5853730886607,90.17929994607495,577.0709214309168,766.5073806762693,7.492279885302733,0.44271780951839734,T06
8.25,1033,778.7596195274722,89.01263297832182,687.5665993245442,876.7939134619702,7.892333783984718,0.42876359086075766,T06
8.75,263,968.7509142163747,89.65594492013591,853.6645304361983,1095.6226671826716,8.527835698275627,0.44705842847133737,T06
9.25,550,1129.3917894464914,96.4993050342514,1004.4589868164069,1250.0362695312506,9.024331803370906,0.4411596147061252,T06
9.75,927,1283.6961769526047,92.08746289232985,1158.780513576931,1399.7962858072926,9.510765051629622,0.42817836703636786,T06
10.25,1074,1431.8064625305599,95.38007270721013,1307.5355983970917,1548.4890511067713,10.00005203008487,0.41104469068260524,T06
10.75,1052,1568.1376708612424,99.19338529705811,1442.4816873905584,1687.8646053059915,10.493869308041566,0.3902429948815158,T06
11.25,983,1693.5194113381588,104.99510338484872,1550.290791829432,1821.5992788831604,10.998165029901035,0.3677129563082383,T06
11.75,930,1796.1817381450307,105.41660874070968,1648.973535563155,1921.1363815833797,11.492177406159247,0.3423048066820653,T06
12.25,875,1881.071337842682,93.27175904373945,1751.4307991536473,1990.917067871096,12.002866370115399,0.3163539932398079,T06
12.75,824,1931.808309754718,86.66870495964046,1812.3825390624995,2024.5605456542996,12.496579177905641,0.2881441430851796,T06
13.25,753,1973.5656485441157,68.59954427050309,1879.6579020743554,2040.9581467201,12.99773387136769,0.26228911233222185,T06
13.75,668,1989.9005275106372,60.73467141345739,1911.90040934245,2044.5251717122424,13.501086564389128,0.23664623182203012,T06
14.25,603,2007.0482997666616,45.875925163448116,1949.6639848632817,2047.1449568684923,13.990492145535303,0.21443197801966674,T06
14.75,472,2013.9945203736506,44.7034249023057,1955.393229349069,2050.1466920629073,14.507009762246202,0.19402538080913379,T06
15.25,443,2018.2567579527206,41.25493182670791,1961.82831054688,2050.413741861981,14.986226714793647,0.17593133780316514,T06
15.75,383,2025.2478559652411,32.72445499773814,1981.4467032877626,2050.747397629312,15.500428922404621,0.16025545720025822,T06
16.25,357,2030.8015045466677,26.401208234728696,1997.5374503580751,2051.881233723963,15.992824085046603,0.14631326486934101,T06
16.75,286,2031.8681165715786,25.45140255342466,1999.38971761068,2052.742484537763,16.504003026958298,0.13366798531460344,T06
17.25,252,2032.5733732286562,26.775359855996648,1999.5195769912916,2053.8047005208346,16.98294716144369,0.12242081166863573,T06
17.75,202,2037.557077329784,20.121714659960528,2015.2936707805777,2053.8073339843772,17.503806328214914,0.1126395824703753,T06
18.25,198,2038.5987663604412,17.18816291832669,2015.045192871097,2053.499285481769,18.008300897609217,0.10368584503907297,T06
18.75,178,2042.0749279389042,16.036196806798657,2022.5709224446628,2056.088537260915,18.508346053446814,0.0957732395656423,T06
19.25,161,2044.8176771254164,11.811500305265557,2034.06084798177,2057.028076171878,19.009239773398708,0.08862142115354872,T06
19.75,126,2044.0100044422697,15.568038584194841,2029.729469807945,2056.363110351563,19.452855458385375,0.08202722850464958,T06
20.25,126,2045.434707747102,10.915804863839432,2031.70780822053,2055.726947021487,20.009143163015217,0.07615297235874838,T06
20.75,109,2047.3849335886184,14.076746927521576,2034.3911401367213,2059.6832061993678,20.507081538380618,0.07084700911332131,T06
21.25,92,2045.0417103434017,15.945651604353722,2032.3771809895848,2058.6314742024774,21.00095594964212,0.06588729650688606,T06
21.75,57,2048.402908397586,9.11978167843888,2035.0275488281295,2058.2279435221367,21.49313846976608,0.061547996546934866,T06
22.25,57,2049.934095635892,12.403566901961485,2040.5467024739598,2061.978003996051,22.033600411947646,0.05753421259879552,T06
22.75,48,2051.1903280152997,11.239230946261486,2034.6219759114574,2063.16260782878,22.48731734318302,0.05385649399665829,T06
23.25,26,2053.2860967013844,16.20136223171615,2034.8723653157585,2068.162187387754,22.985982116178434,0.050507621309335705,T06
23.75,23,2049.058571995742,23.30768919169831,2035.084400227868,2064.398829752605,23.494192100441587,0.04728679198602902,T06
24.25,21,2052.547698263036,8.906448149319496,2042.36868489584,2064.24962158203,23.96441073764152,0.044497370755500774,T06
24.75,6,2056.994508870444,7.015614046324808,2048.8523498535183,2064.49077351888,24.465731363066258,0.04194535200777938,T06
